Folder,Prisma Cloud API Name,Prisma Cloud API Method,Prisma Cloud API,Cortex Cloud API Name,Cortex Cloud API Method,Cortex Cloud API,Cortex Cloud API Body Parameters/Comment,Generated Request Body,Postman query created
Issues,Get Code Secrets Findings,POST,/api/v2/code-issues/branch_scan,Retrieve issues based on filters,POST,/v1/issue/search,field = detection.method value = CAS_SECRET_SCANNER,"{""request_data"": {""filters"": [{""field"": ""detection.method"", ""operator"": ""in"", ""value"": [""CAS_SECRET_SCANNER""]}], ""search_from"": 0, ""search_to"": 100, ""sort"": {""field"": ""id"", ""keyword"": ""asc""}, ""include_fields"": []}, ""// Comment"": ""Prisma Cloud: Get Code Secrets Findings, /api/v2/code-issues/branch_scan field = detection.method value = CAS_SECRET_SCANNER""}",TRUE
Issues,Get IaC Findings,POST,/api/v2/code-issues/branch_scan,Retrieve issues based on filters,POST,/v1/issue/search,field = detection.method value = CAS_IAC_SCANNER,"{""request_data"": {""filters"": [{""field"": ""detection.method"", ""operator"": ""in"", ""value"": [""CAS_IAC_SCANNER""]}], ""search_from"": 0, ""search_to"": 100, ""sort"": {""field"": ""id"", ""keyword"": ""asc""}, ""include_fields"": []}, ""// Comment"": ""Prisma Cloud: Get IaC Findings, /api/v2/code-issues/branch_scan field = detection.method value = CAS_IAC_SCANNER""}",TRUE
Issues,Get Code Package Vulnerability Findings,POST,/api/v2/code-issues/branch_scan,Retrieve issues based on filters,POST,/v1/issue/search,field = detection.method value = CAS_CVE_SCANNER,"{""request_data"": {""filters"": [{""field"": ""detection.method"", ""operator"": ""in"", ""value"": [""CAS_CVE_SCANNER""]}], ""search_from"": 0, ""search_to"": 100, ""sort"": {""field"": ""id"", ""keyword"": ""asc""}, ""include_fields"": []}, ""// Comment"": ""Prisma Cloud: Get Code Package Vulnerability Findings, /api/v2/code-issues/branch_scan field = detection.method value = CAS_CVE_SCANNER""}",TRUE
Issues,Get Code Package License Findings,POST,/api/v2/code-issues/branch_scan,Retrieve issues based on filters,POST,/v1/issue/search,field = detection.method value = CAS_LICENSE_SCANNER,"{""request_data"": {""filters"": [{""field"": ""detection.method"", ""operator"": ""in"", ""value"": [""CAS_LICENSE_SCANNER""]}], ""search_from"": 0, ""search_to"": 100, ""sort"": {""field"": ""id"", ""keyword"": ""asc""}, ""include_fields"": []}, ""// Comment"": ""Prisma Cloud: Get Code Package License Findings, /api/v2/code-issues/branch_scan field = detection.method value = CAS_LICENSE_SCANNER""}",TRUE
Issues,Get Code Package Operational Risk Findings,POST,/api/v2/code-issues/branch_scan,Retrieve issues based on filters,POST,/v1/issue/search,field = detection.method value = CAS_OPERATIONAL_RISK_SCANNER,"{""request_data"": {""filters"": [{""field"": ""detection.method"", ""operator"": ""in"", ""value"": [""CAS_OPERATIONAL_RISK_SCANNER""]}], ""search_from"": 0, ""search_to"": 100, ""sort"": {""field"": ""id"", ""keyword"": ""asc""}, ""include_fields"": []}, ""// Comment"": ""Prisma Cloud: Get Code Package Operational Risk Findings, /api/v2/code-issues/branch_scan field = detection.method value = CAS_OPERATIONAL_RISK_SCANNER""}",TRUE
Vulnerability Management APIs,Get Vulnerability Overview,POST,/uve/api/v4/dashboard/vulnerabilities/overview,Get list of vulnerabilities,POST,/public_api/uvem/v1/get_vulnerabilities,,"{""request_data"": {""filters"": []}, ""// Comment"": ""Prisma Cloud: Get Vulnerability Overview, /uve/api/v4/dashboard/vulnerabilities/overview""}",TRUE
XQL query,Get Vulnerability Overview,POST,/uve/api/v4/dashboard/vulnerabilities/overview,XQL to query the UVM dataset,POST,/xql/start_query,dataset in(uvm_findings),"{""request_data"": {""query"": ""dataset=uvm_findings | fields vulnerability_id, asset_id, severity | limit 100"", ""tenants"": [], ""timeframe"": {""from"": 1598907600000, ""to"": 1599080399000}}, ""// Comment"": ""Prisma Cloud: Get Vulnerability Overview, /uve/api/v4/dashboard/vulnerabilities/overview dataset in(uvm_findings)""}",TRUE
XQL query,Get Vulnerability Overview Results,POST,/uve/api/v4/dashboard/vulnerabilities/overview,XQL to query the UVM dataset,POST,/xql/get_query_results,dataset in(uvm_findings),"{""request_data"": {""query_id"": ""baecc424d9ed45_3803891_inv"", ""pending_flag"": true, ""limit"": 100, ""format"": ""json""}, ""// Comment"": ""Prisma Cloud: Get Vulnerability Overview Results, /uve/api/v4/dashboard/vulnerabilities/overview dataset in(uvm_findings)""}",TRUE
Vulnerabilities,Download All Vulnerabilities by RQL,POST,/uve/api/v1/vulnerabilities/search/download,Get list of vulnerabilities,POST,/public_api/uvem/v1/get_vulnerabilities,,"{""request_data"": {""filters"": []}, ""// Comment"": ""Prisma Cloud: Download All Vulnerabilities by RQL, /uve/api/v1/vulnerabilities/search/download""}",TRUE
XQL query,Download All Vulnerabilities by RQL,POST,/uve/api/v1/vulnerabilities/search/download,XQL to query the UVM dataset,POST,/xql/start_query,dataset in(uvm_findings),"{""request_data"": {""query"": ""dataset=uvm_findings | fields vulnerability_id, asset_id, severity | limit 1000"", ""tenants"": [], ""timeframe"": {""from"": 1598907600000, ""to"": 1599080399000}}, ""// Comment"": ""Prisma Cloud: Download All Vulnerabilities by RQL, /uve/api/v1/vulnerabilities/search/download dataset in(uvm_findings)""}",TRUE
XQL query,Download All Vulnerabilities by RQL Results,POST,/uve/api/v1/vulnerabilities/search/download,XQL to query the UVM dataset,POST,/xql/get_query_results,dataset in(uvm_findings),"{""request_data"": {""query_id"": ""baecc424d9ed45_3803891_inv"", ""pending_flag"": true, ""limit"": 1000, ""format"": ""json""}, ""// Comment"": ""Prisma Cloud: Download All Vulnerabilities by RQL Results, /uve/api/v1/vulnerabilities/search/download dataset in(uvm_findings)""}",TRUE
Issues,LIST Alert Counts,GET,/alert/policy,Retrieve issues based on filters,POST,/v1/issue/search,field = detection.method value = CAS_CVE_SCANNER,"{""request_data"": {""filters"": [{""field"": ""detection.method"", ""operator"": ""in"", ""value"": [""CAS_CVE_SCANNER""]}], ""search_from"": 0, ""search_to"": 100, ""sort"": {""field"": ""id"", ""keyword"": ""asc""}, ""include_fields"": []}, ""// Comment"": ""Prisma Cloud: LIST Alert Counts, /alert/policy field = detection.method value = CAS_CVE_SCANNER""}",TRUE
XQL query,LIST Alert Counts,GET,/alert/policy,XQL to query the UVM dataset,POST,/xql/start_query,,"{""request_data"": {""query"": ""dataset=uvm_findings | fields alert_id | limit 100"", ""tenants"": [], ""timeframe"": {""from"": 1598907600000, ""to"": 1599080399000}}, ""// Comment"": ""Prisma Cloud: LIST Alert Counts, /alert/policy""}",TRUE
XQL query,LIST Alert Counts Results,GET,/alert/policy,XQL to query the UVM dataset,POST,/xql/get_query_results,,"{""request_data"": {""query_id"": ""baecc424d9ed45_3803891_inv"", ""pending_flag"": true, ""limit"": 100, ""format"": ""json""}, ""// Comment"": ""Prisma Cloud: LIST Alert Counts Results, /alert/policy""}",TRUE
Data Security Posture Management APIs,Get Asset file details by Id,POST,/api.dig.security/v1/classification/asset-files/id,Get file inventory details,POST,/public_api/v1/data-security/objects/files,,"{""request_data"": {""filters"": []}, ""// Comment"": ""Prisma Cloud: Get Asset file details by Id, /api.dig.security/v1/classification/asset-files/id""}",TRUE
Data Security Posture Management APIs,Get Asset fields details by Id,POST,/api.dig.security/v1/classification/asset-fields/id,Get field inventory details,POST,/public_api/v1/data-security/objects/fields,,"{""request_data"": {""filters"": []}, ""// Comment"": ""Prisma Cloud: Get Asset fields details by Id, /api.dig.security/v1/classification/asset-fields/id""}",TRUE
Data Security Posture Management APIs,Get Data Types by Id,GET,/api.dig.security/v1/classification/data-types,Get data pattern inventory,POST,/public_api/v1/data-security/data-patterns,"// ""Data Types"" are now referred to as ""Data Patterns"" in Cortex Cloud.","{""request_data"": {""filters"": []}, ""// Comment"": ""Prisma Cloud: Get Data Types by Id, /api.dig.security/v1/classification/data-types // 'Data Types' are now referred to as 'Data Patterns' in Cortex Cloud.""}",TRUE
Issues,Snooze Unmanaged Assets,POST,/asm/api/v1/asset/snooze,Update existing issue,POST,/v1/issue/{issue-id},"// Every unmanaged asset on the cortex cloud will create an issue. status = ""Resolved"" // to snooze an asset.","{""status"": ""Resolved"", ""status_resolution_reason"": ""Snoozed"", ""// Comment"": ""Prisma Cloud: Snooze Unmanaged Assets, /asm/api/v1/asset/snooze // Every unmanaged asset on the cortex cloud will create an issue. status = 'Resolved' // to snooze an asset.""}",TRUE
Issues,Un-snooze Unmanaged Assets,POST,/asm/api/v1/asset/reopen,Update existing issue,POST,/v1/issue/{issue-id},"status = ""New"" // to unsnooze an asset.","{""status"": ""New"", ""status_resolution_reason"": ""Unsnoozed"", ""// Comment"": ""Prisma Cloud: Un-snooze Unmanaged Assets, /asm/api/v1/asset/reopen status = 'New' // to unsnooze an asset.""}",TRUE
Standards,List Compliance Standards,GET,/compliance,Get compliance standards,POST,/public_api/v1/compliance/get_standards,,"{""request_data"": {""filters"": []}, ""// Comment"": ""Prisma Cloud: List Compliance Standards, /compliance""}",TRUE
Standards,Add Compliance Standard,POST,/compliance,Add new standard,POST,/public_api/v1/compliance/add_standard,,"{""request_data"": {""filters"": []}, ""// Comment"": ""Prisma Cloud: Add Compliance Standard, /compliance""}",TRUE
Standards,Update Compliance Standard,PUT,/compliance/:complianceId,Edit existing standard,POST,/public_api/v1/compliance/edit_standard,,"{""request_data"": {""filters"": []}, ""// Comment"": ""Prisma Cloud: Update Compliance Standard, /compliance/:complianceId""}",TRUE
Controls,Add Compliance Requirement,POST,/compliance/:complianceId/requirement,Add new control,POST,/public_api/v1/compliance/add_control,,"{""request_data"": {""filters"": []}, ""// Comment"": ""Prisma Cloud: Add Compliance Requirement, /compliance/:complianceId/requirement""}",TRUE
Controls,Update Compliance Requirement,PUT,/compliance/requirement/:requirementId,Edit existing control,POST,/public_api/v1/compliance/edit_control,,"{""request_data"": {""filters"": []}, ""// Comment"": ""Prisma Cloud: Update Compliance Requirement, /compliance/requirement/:requirementId""}",TRUE
Assessment profiles,No Prisma API for Assessment Profile,N/A,N/A,Add assessment profile,POST,/public_api/v1/compliance/add_assessment_profile,,"{""request_data"": {""filters"": []}, ""// Comment"": ""Prisma Cloud: No Prisma API for Assessment Profile, N/A""}",TRUE
Assessment profiles,No Prisma API for Assessment Profile,N/A,N/A,Edit assessment profile,POST,/public_api/v1/compliance/edit_assessment_profile,,"{""request_data"": {""filters"": []}, ""// Comment"": ""Prisma Cloud: No Prisma API for Assessment Profile, N/A""}",TRUE
Assessment results,Get Compliance Statistics Breakdown,GET,/v2/compliance/posture,Get assessment profile results,POST,/public_api/v1/compliance/get_assessment_results,,"{""request_data"": {""filters"": []}, ""// Comment"": ""Prisma Cloud: Get Compliance Statistics Breakdown, /v2/compliance/posture""}",TRUE
Standards,Delete Compliance Standard,DELETE,/compliance/:complianceId,Delete standard,POST,/public_api/v1/compliance/delete_standard,,"{""request_data"": {""filters"": []}, ""// Comment"": ""Prisma Cloud: Delete Compliance Standard, /compliance/:complianceId""}",TRUE
Standards,Get Compliance Statistics for Standard ID,GET,/v2/compliance/posture/:complianceId,Step 1. Decide which compliance standard to use.,POST,/public_api/v1/compliance/get_standards,Step 2. Create a compliance assessment. Step 3. Review the results.,"{""request_data"": {""filters"": []}, ""// Comment"": ""Prisma Cloud: Get Compliance Statistics for Standard ID, /v2/compliance/posture/:complianceId Step 2. Create a compliance assessment. Step 3. Review the results.""}",TRUE
Assessment profiles,Get Compliance Statistics for Standard ID,GET,/v2/compliance/posture/:complianceId,Add assessment profile,POST,/public_api/v1/compliance/add_assessment_profile,,"{""request_data"": {""filters"": []}, ""// Comment"": ""Prisma Cloud: Get Compliance Statistics for Standard ID, /v2/compliance/posture/:complianceId""}",TRUE
Assessment results,Get Compliance Statistics for Standard ID,GET,/v2/compliance/posture/:complianceId,Get assessment profile results,POST,/public_api/v1/compliance/get_assessment_results,,"{""request_data"": {""filters"": []}, ""// Comment"": ""Prisma Cloud: Get Compliance Statistics for Standard ID, /v2/compliance/posture/:complianceId""}",TRUE
Controls,Get Compliance Requirements by ID,GET,/compliance/:complianceId/requirement/:requirementId,Get compliance control by ID,POST,/public_api/v1/compliance/get_control,,"{""request_data"": {""filters"": []}, ""// Comment"": ""Prisma Cloud: Get Compliance Requirements by ID, /compliance/:complianceId/requirement/:requirementId""}",TRUE
Controls,List Compliance Requirements,GET,/compliance/:complianceId/requirement,Get compliance controls,POST,/public_api/v1/compliance/get_controls,,"{""request_data"": {""filters"": []}, ""// Comment"": ""Prisma Cloud: List Compliance Requirements, /compliance/:complianceId/requirement""}",TRUE
Standards,List Policy Compliance Standards,GET,/policy/compliance,Get compliance standards,POST,/public_api/v1/compliance/get_standards,,"{""request_data"": {""filters"": []}, ""// Comment"": ""Prisma Cloud: List Policy Compliance Standards, /policy/compliance""}",TRUE
Assessment profiles,Get Compliance Standards results,GET,/policy/compliance,Add assessment profile,POST,/public_api/v1/compliance/add_assessment_profile,,"{""request_data"": {""filters"": []}, ""// Comment"": ""Prisma Cloud: Get Compliance Standards results, /policy/compliance""}",TRUE
Assessment results,Get Compliance Standards results,GET,/policy/compliance,Get assessment profile results,POST,/public_api/v1/compliance/get_assessment_results,,"{""request_data"": {""filters"": []}, ""// Comment"": ""Prisma Cloud: Get Compliance Standards results, /policy/compliance""}",TRUE
Issues,List Alerts V2 - GET,GET,/alert,Retrieve issues based on filters,POST,/v1/issue/search,"// ""Alerts"" are referred to as ""Issues"" in Cortex Cloud. Filters = []","{""request_data"": {""filters"": []}, ""// Comment"": ""Prisma Cloud: List Alerts V2 - GET, /alert // 'Alerts' are referred to as 'Issues' in Cortex Cloud. Filters = []""}",TRUE
Issues,Alert Info,GET,/alert/:id,Retrieve issues based on filters,POST,/v1/issue/search,,"{""request_data"": {""filters"": []}, ""// Comment"": ""Prisma Cloud: Alert Info, /alert/:id""}",TRUE
Issues,Search Alerts by ID,GET,/search/alert,Retrieve issues based on filters,POST,/v1/issue/search,// Retrieve cases based on filters // Use /public_api/v1/case/artifacts/{case-id} (for case details),"{""request_data"": {""filters"": []}, ""// Comment"": ""Prisma Cloud: Search Alerts by ID, /search/alert // Retrieve cases based on filters // Use /public_api/v1/case/artifacts/{case-id} (for case details)""}",TRUE
Issues,Submit Job to List Alerts,POST,/alert/jobs,Two ways to achieve this:,POST,/v1/issue/search,1. Retrieve issues based on filters (if issue id is known) dataset in(issues),"{""request_data"": {""filters"": [{""field"": ""issue_id"", ""operator"": ""in"", ""value"": [0]}], ""search_from"": 0, ""search_to"": 100, ""sort"": {""field"": ""id"", ""keyword"": ""asc""}, ""include_fields"": []}, ""// Comment"": ""Prisma Cloud: Submit Job to List Alerts, /alert/jobs 1. Retrieve issues based on filters (if issue id is known) dataset in(issues)""}",TRUE
XQL query,Submit Job to List Alerts,POST,/alert/jobs,Use XQL for specific issue details,POST,/xql/start_query,2.Use XQL for specific issue details.,"{""request_data"": {""query"": ""dataset=issues | fields issue_id, status, created_time | limit 100"", ""tenants"": [], ""timeframe"": {""from"": 1598907600000, ""to"": 1599080399000}}, ""// Comment"": ""Prisma Cloud: Submit Job to List Alerts, /alert/jobs 2.Use XQL for specific issue details.""}",TRUE
XQL query,Submit Job to List Alerts Results,POST,/alert/jobs,Use XQL for specific issue details,POST,/xql/get_query_results,,"{""request_data"": {""query_id"": ""baecc424d9ed45_3803891_inv"", ""pending_flag"": true, ""limit"": 100, ""format"": ""json""}, ""// Comment"": ""Prisma Cloud: Submit Job to List Alerts Results, /alert/jobs""}",TRUE
Issues,Get Alerts Count By Status,GET,/alert/count/:status,Retrieve issues based on filters,POST,/v1/issue/search,field = status.progress value = RESOLVED // (e.g. is for resolved issues),"{""request_data"": {""filters"": [{""field"": ""status.progress"", ""operator"": ""in"", ""value"": [""RESOLVED""]}], ""search_from"": 0, ""search_to"": 100, ""sort"": {""field"": ""id"", ""keyword"": ""asc""}, ""include_fields"": []}, ""// Comment"": ""Prisma Cloud: Get Alerts Count By Status, /alert/count/:status field = status.progress value = RESOLVED // (e.g. is for resolved issues)""}",TRUE
Issues,Get Code Issues from Periodic Scans,POST,/api/v2/code-issues/branch_scan,Retrieve issues based on filters,POST,/v1/issue/search,field = detection.method value = CAS_CVE_SCANNER,"{""request_data"": {""filters"": [{""field"": ""detection.method"", ""operator"": ""in"", ""value"": [""CAS_CVE_SCANNER""]}], ""search_from"": 0, ""search_to"": 100, ""sort"": {""field"": ""id"", ""keyword"": ""asc""}, ""include_fields"": []}, ""// Comment"": ""Prisma Cloud: Get Code Issues from Periodic Scans, /api/v2/code-issues/branch_scan field = detection.method value = CAS_CVE_SCANNER""}",TRUE
Issues,Dismiss Alerts,POST,/alert/dismiss,Update existing issue,POST,/v1/issue/{issue-id},Status = Resolved Status_resolution_reason = <any>,"{""status"": ""Resolved"", ""status_resolution_reason"": ""Dismissed"", ""// Comment"": ""Prisma Cloud: Dismiss Alerts, /alert/dismiss Status = Resolved Status_resolution_reason = <any>""}",TRUE
Issues,List Alerts - POST,POST,/alert,Retrieve issues based on filters,POST,/v1/issue/search,Filters = [ ],"{""request_data"": {""filters"": []}, ""// Comment"": ""Prisma Cloud: List Alerts, /alert Filters = [ ]""}",TRUE
Issues,Reopen Alerts,POST,/alert/reopen,Update existing issue,POST,/v1/issue/{issue-id},Status = New Status_resolution_reason = <any>,"{""status"": ""New"", ""status_resolution_reason"": ""Reopened"", ""// Comment"": ""Prisma Cloud: Reopen Alerts, /alert/reopen Status = New Status_resolution_reason = <any>""}",TRUE
Issues,Get Issue Details,GET,/alert/:id,Retrieve issues based on filters,POST,/v1/issue/search,issue_id = <...>,"{""request_data"": {""filters"": [{""field"": ""issue_id"", ""operator"": ""in"", ""value"": [""<...>""]}], ""search_from"": 0, ""search_to"": 100, ""sort"": {""field"": ""id"", ""keyword"": ""asc""}, ""include_fields"": []}, ""// Comment"": ""Prisma Cloud: Get Issue Details, /alert/:id issue_id = <...>""}",TRUE
Asset groups,Get Resource Lists,GET,/v1/resource_list,Get all or filtered asset groups,POST,/public_api/v1/asset-groups,"// ""Resource Lists"" are referred to as ""Asset Groups"" in Cortex Cloud.","{""request_data"": {""filters"": []}, ""// Comment"": ""Prisma Cloud: Get Resource Lists, /v1/resource_list // 'Resource Lists' are referred to as 'Asset Groups' in Cortex Cloud.""}",TRUE
Asset groups,Get Resource List by ID,GET,/v1/resource_list/:id,Get all or filtered asset groups,POST,/public_api/v1/asset-groups,In Cortex Cloud  Account Groups are referred to as Asset Groups.,"{""request_data"": {""filters"": []}, ""// Comment"": ""Prisma Cloud: Get Resource List by ID, /v1/resource_list/:id In Cortex Cloud  Account Groups are referred to as Asset Groups.""}",TRUE
Asset groups,Add Resource List,POST,/v1/resource_list,Create an Asset Group,POST,/public_api/v1/asset-groups/create,,"{""request_data"": {""filters"": []}, ""// Comment"": ""Prisma Cloud: Add Resource List, /v1/resource_list""}",TRUE
Asset groups,Update Resource List,PUT,/v1/resource_list/:id,Update an Asset Group,POST,/public_api/v1/asset-groups/update/{group_id},,"{""request_data"": {""filters"": []}, ""// Comment"": ""Prisma Cloud: Update Resource List, /v1/resource_list/:id""}",TRUE
Asset groups,Delete Resource List,DELETE,/v1/resource_list/:id,Delete an Asset Group,POST,/public_api/v1/asset-groups/delete/{group_id},,"{""request_data"": {""filters"": []}, ""// Comment"": ""Prisma Cloud: Delete Resource List, /v1/resource_list/:id""}",TRUE
Asset groups,List Account Groups,GET,/cloud/group,Get all or filtered asset groups,POST,/public_api/v1/asset-groups,In Cortex Cloud  Account Groups are referred to as Asset Groups.,"{""request_data"": {""filters"": []}, ""// Comment"": ""Prisma Cloud: List Account Groups, /cloud/group In Cortex Cloud  Account Groups are referred to as Asset Groups.""}",TRUE
Asset groups,Get All Collections,GET,/entitlement/api/v1/collection,Get all or filtered asset groups,POST,/public_api/v1/asset-groups,"In Cortex Cloud  Collections are referred to as ""Asset Groups""","{""request_data"": {""filters"": []}, ""// Comment"": ""Prisma Cloud: Get All Collections, /entitlement/api/v1/collection In Cortex Cloud  Collections are referred to as 'Asset Groups'""}",TRUE
Asset groups,Get Collection by ID,GET,/entitlement/api/v1/collection/:id,Get all or filtered asset groups,POST,/public_api/v1/asset-groups,field =xdm.asset_group.id value = <asset group id>,"{""request_data"": {""filters"": {""AND"": [{""SEARCH_FIELD"": ""xdm.asset_group.id"", ""SEARCH_TYPE"": ""EQ"", ""SEARCH_VALUE"": ""<asset group id>""}]}, ""on_demand_fields"": [""xdm.host.ipv4_addresses""], ""sort"": [{""FIELD"": ""xdm.asset.name"", ""ORDER"": ""DESC""}], ""search_from"": 0, ""search_to"": 1000}, ""// Comment"": ""Prisma Cloud: Get Collection by ID, /entitlement/api/v1/collection/:id field =xdm.asset_group.id value = <asset group id>""}",TRUE
Asset groups,Get Collections,GET,/api/v34.02/collections,Get all or filtered asset groups,POST,/public_api/v1/asset-groups,"In Cortex Cloud  Collections are referred to as ""Asset Groups""","{""request_data"": {""filters"": []}, ""// Comment"": ""Prisma Cloud: Get Collections, /api/v34.02/collections In Cortex Cloud  Collections are referred to as 'Asset Groups'""}",TRUE
XQL query,Perform Config Search by Query,POST,/search/api/v1/config,Start an XQL query,POST,/xql/start_query,,"{""request_data"": {""query"": ""dataset=asset_inventory | fields asset_id, asset_name | limit 100"", ""tenants"": [], ""timeframe"": {""from"": 1598907600000, ""to"": 1599080399000}}, ""// Comment"": ""Prisma Cloud: Perform Config Search by Query, /search/api/v1/config""}",TRUE
XQL query,Perform Config Search by Query Results,POST,/search/api/v1/config,Get XQL query results,POST,/xql/get_query_results,,"{""request_data"": {""query_id"": ""baecc424d9ed45_3803891_inv"", ""pending_flag"": true, ""limit"": 100, ""format"": ""json""}, ""// Comment"": ""Prisma Cloud: Perform Config Search by Query Results, /search/api/v1/config""}",TRUE
XQL query,Get The Next Config Search Page,POST,/search/config/page,Start an XQL query + Get XQL query results,POST,/public_api/v1/xql/start_xql_query,// For greater than 1000 results you must call : POST /public_api/v1/xql/get_query_results_stream,"{""request_data"": {""query"": ""dataset=asset_inventory | fields asset_id, asset_name | limit 1000"", ""tenants"": [], ""timeframe"": {""from"": 1598907600000, ""to"": 1599080399000}}, ""// Comment"": ""Prisma Cloud: Get The Next Config Search Page, /search/config/page // For greater than 1000 results you must call : POST /public_api/v1/xql/get_query_results_stream""}",TRUE
XQL query,Get Findings of an Asset,GET,/asm/api/v1/asset/:asset_id/finding,XQL to query the UVM dataset,POST,/xql/start_query,dataset in(uvm_findings),"{""request_data"": {""query"": ""dataset=uvm_findings | fields asset_id, finding_id | limit 100"", ""tenants"": [], ""timeframe"": {""from"": 1598907600000, ""to"": 1599080399000}}, ""// Comment"": ""Prisma Cloud: Get Findings of an Asset, /asm/api/v1/asset/:asset_id/finding dataset in(uvm_findings)""}",TRUE
XQL query,Get Findings of an Asset Results,GET,/asm/api/v1/asset/:asset_id/finding,XQL to query the UVM dataset,POST,/xql/get_query_results,,"{""request_data"": {""query_id"": ""baecc424d9ed45_3803891_inv"", ""pending_flag"": true, ""limit"": 100, ""format"": ""json""}, ""// Comment"": ""Prisma Cloud: Get Findings of an Asset Results, /asm/api/v1/asset/:asset_id/finding""}",TRUE
XQL query,Submit Search Config CSV Generation Job,POST,/search/config/jobs,Insert or update scheduled queries,POST,/public_api/v1/scheduled_queries/insert,Job = Scheduled queries,"{""request_data"": {""filters"": []}, ""// Comment"": ""Prisma Cloud: Submit Search Config CSV Generation Job, /search/config/jobs Job = Scheduled queries""}",TRUE
XQL query,Perform Event Search,POST,/search/event,XQL to query the cloud_audit_logs dataset,POST,/xql/start_query,dataset in(cloud_audit_logs),"{""request_data"": {""query"": ""dataset=cloud_audit_logs | fields event_id, event_type | limit 100"", ""tenants"": [], ""timeframe"": {""from"": 1598907600000, ""to"": 1599080399000}}, ""// Comment"": ""Prisma Cloud: Perform Event Search, /search/event dataset in(cloud_audit_logs)""}",TRUE
XQL query,Perform Event Search Results,POST,/search/event,XQL to query the cloud_audit_logs dataset,POST,/xql/get_query_results,,"{""request_data"": {""query_id"": ""baecc424d9ed45_3803891_inv"", ""pending_flag"": true, ""limit"": 100, ""format"": ""json""}, ""// Comment"": ""Prisma Cloud: Perform Event Search Results, /search/event""}",TRUE
XQL query,Perform Config Search,POST,/search/config,"XQL to query the ""asset_inventory"" dataset",POST,/xql/start_query,dataset in(asset_inventory),"{""request_data"": {""query"": ""dataset=asset_inventory | fields asset_id, asset_name | limit 100"", ""tenants"": [], ""timeframe"": {""from"": 1598907600000, ""to"": 1599080399000}}, ""// Comment"": ""Prisma Cloud: Perform Config Search, /search/config dataset in(asset_inventory)""}",TRUE
XQL query,Perform Config Search Results,POST,/search/config,"XQL to query the ""asset_inventory"" dataset",POST,/xql/get_query_results,,"{""request_data"": {""query_id"": ""baecc424d9ed45_3803891_inv"", ""pending_flag"": true, ""limit"": 100, ""format"": ""json""}, ""// Comment"": ""Prisma Cloud: Perform Config Search Results, /search/config""}",TRUE
XQL query,Perform Config Search V2,POST,/search/api/v2/config,"XQL to query the ""asset_inventory"" dataset",POST,/xql/start_query,dataset in(asset_inventory),"{""request_data"": {""query"": ""dataset=asset_inventory | fields asset_id, asset_name | limit 100"", ""tenants"": [], ""timeframe"": {""from"": 1598907600000, ""to"": 1599080399000}}, ""// Comment"": ""Prisma Cloud: Perform Config Search V2, /search/api/v2/config dataset in(asset_inventory)""}",TRUE
XQL query,Perform Config Search V2 Results,POST,/search/api/v2/config,"XQL to query the ""asset_inventory"" dataset",POST,/xql/get_query_results,,"{""request_data"": {""query_id"": ""baecc424d9ed45_3803891_inv"", ""pending_flag"": true, ""limit"": 100, ""format"": ""json""}, ""// Comment"": ""Prisma Cloud: Perform Config Search V2 Results, /search/api/v2/config""}",TRUE
XQL query,Perform Network Search,POST,/search,"XQL to query the ""xdr_data"" dataset",POST,/xql/start_query,dataset in(xdr_data),"{""request_data"": {""query"": ""dataset=xdr_data | fields event_id, event_type | limit 100"", ""tenants"": [], ""timeframe"": {""from"": 1598907600000, ""to"": 1599080399000}}, ""// Comment"": ""Prisma Cloud: Perform Network Search, /search dataset in(xdr_data)""}",TRUE
XQL query,Perform Network Search Results,POST,/search,"XQL to query the ""xdr_data"" dataset",POST,/xql/get_query_results,,"{""request_data"": {""query_id"": ""baecc424d9ed45_3803891_inv"", ""pending_flag"": true, ""limit"": 100, ""format"": ""json""}, ""// Comment"": ""Prisma Cloud: Perform Network Search Results, /search""}",TRUE
XQL query,Get Vulnerable Assets by RQL,POST,/uve/api/v1/vulnerabilities/search/asset,"XQL to query the ""uvm_findings"" dataset",POST,/xql/start_query,dataset in(uvm_findings),"{""request_data"": {""query"": ""dataset=uvm_findings | fields asset_id, vulnerability_id | limit 100"", ""tenants"": [], ""timeframe"": {""from"": 1598907600000, ""to"": 1599080399000}}, ""// Comment"": ""Prisma Cloud: Get Vulnerable Assets by RQL, /uve/api/v1/vulnerabilities/search/asset dataset in(uvm_findings)""}",TRUE
XQL query,Get Vulnerable Assets by RQL Results,POST,/uve/api/v1/vulnerabilities/search/asset,"XQL to query the ""uvm_findings"" dataset",POST,/xql/get_query_results,,"{""request_data"": {""query_id"": ""baecc424d9ed45_3803891_inv"", ""pending_flag"": true, ""limit"": 100, ""format"": ""json""}, ""// Comment"": ""Prisma Cloud: Get Vulnerable Assets by RQL Results, /uve/api/v1/vulnerabilities/search/asset""}",TRUE
XQL query,Prisma Cloud Audit Logs,GET,/audit/redlock,Get Audit Management Log,POST,/public_api/v1/audits/management_logs,,"{""request_data"": {""filters"": []}, ""// Comment"": ""Prisma Cloud: Prisma Cloud Audit Logs, /audit/redlock""}",TRUE
XQL query,Get Audit Logs,POST,/audit/api/v1/log,Get Audit Management Log,POST,/public_api/v1/audits/management_logs,,"{""request_data"": {""filters"": []}, ""// Comment"": ""Prisma Cloud: Get Audit Logs, /audit/api/v1/log""}",TRUE
XQL query,Get Raw Event Data,GET,/search/event/raw/:id,XQL to query the cloud_audit_logs dataset,POST,/xql/start_query,dataset in(cloud_audit_logs),"{""request_data"": {""query"": ""dataset=cloud_audit_logs | fields event_id, event_type | limit 100"", ""tenants"": [], ""timeframe"": {""from"": 1598907600000, ""to"": 1599080399000}}, ""// Comment"": ""Prisma Cloud: Get Raw Event Data, /search/event/raw/:id dataset in(cloud_audit_logs)""}",TRUE
XQL query,Get Raw Event Data Results,GET,/search/event/raw/:id,XQL to query the cloud_audit_logs dataset,POST,/xql/get_query_results,"dataset in(cloud_audit_logs) | filter event_id =""<event id>""","{""request_data"": {""query_id"": ""baecc424d9ed45_3803891_inv"", ""pending_flag"": true, ""limit"": 100, ""format"": ""json""}, ""// Comment"": ""Prisma Cloud: Get Raw Event Data Results, /search/event/raw/:id dataset in(cloud_audit_logs), | filter event_id = <event id>""}",TRUE
Asset inventory,No specific Prisma API for fetching code assets,N/A,N/A,Get all or filtered assets,POST,/public_api/v1/assets,// To fetch all 'Code Assets' field = xdm.asset.type.class value = Code field = xdm.asset.type.category value = IaC Resource,"{""request_data"": {""filters"": {""AND"": [{""SEARCH_FIELD"": ""xdm.asset.type.class"", ""SEARCH_TYPE"": ""EQ"", ""SEARCH_VALUE"": ""Code""}, {""SEARCH_FIELD"": ""xdm.asset.type.category"", ""SEARCH_TYPE"": ""EQ"", ""SEARCH_VALUE"": ""IaC Resource""}]}, ""on_demand_fields"": [""xdm.host.ipv4_addresses""], ""sort"": [{""FIELD"": ""xdm.asset.name"", ""ORDER"": ""DESC""}], ""search_from"": 0, ""search_to"": 1000}, ""// Comment"": ""Prisma Cloud: No specific Prisma API for fetching code assets, N/A // To fetch all 'Code Assets' field = xdm.asset.type.class value = Code field = xdm.asset.type.category value = IaC Resource""}",TRUE
Asset inventory,Get Dependencies,POST,/code/api/v1/sbom/dependencies,Get all or filtered assets,POST,/public_api/v1/assets,field = xdm.asset.type.category value = Software Package,"{""request_data"": {""filters"": {""AND"": [{""SEARCH_FIELD"": ""xdm.asset.type.category"", ""SEARCH_TYPE"": ""EQ"", ""SEARCH_VALUE"": ""Software Package""}]}, ""on_demand_fields"": [""xdm.host.ipv4_addresses""], ""sort"": [{""FIELD"": ""xdm.asset.name"", ""ORDER"": ""DESC""}], ""search_from"": 0, ""search_to"": 1000}, ""// Comment"": ""Prisma Cloud: Get Dependencies, /code/api/v1/sbom/dependencies field = xdm.asset.type.category value = Software Package""}",TRUE
Asset inventory,Get All Applications,POST,/appid/api/v2/app,Get all or filtered assets,POST,/public_api/v1/assets,field = xdm.asset.type.category value = Application,"{""request_data"": {""filters"": {""AND"": [{""SEARCH_FIELD"": ""xdm.asset.type.category"", ""SEARCH_TYPE"": ""EQ"", ""SEARCH_VALUE"": ""Application""}]}, ""on_demand_fields"": [""xdm.host.ipv4_addresses""], ""sort"": [{""FIELD"": ""xdm.asset.name"", ""ORDER"": ""DESC""}], ""search_from"": 0, ""search_to"": 1000}, ""// Comment"": ""Prisma Cloud: Get All Applications, /appid/api/v2/app field = xdm.asset.type.category value = Application""}",TRUE
Asset inventory,No Prisma API for CI Instances,N/A,N/A,Get all or filtered assets,POST,/public_api/v1/assets,field = xdm.asset.type.category value = CICD Instance,"{""request_data"": {""filters"": {""AND"": [{""SEARCH_FIELD"": ""xdm.asset.type.category"", ""SEARCH_TYPE"": ""EQ"", ""SEARCH_VALUE"": ""CICD Instance""}]}, ""on_demand_fields"": [""xdm.host.ipv4_addresses""], ""sort"": [{""FIELD"": ""xdm.asset.name"", ""ORDER"": ""DESC""}], ""search_from"": 0, ""search_to"": 1000}, ""// Comment"": ""Prisma Cloud: No Prisma API for CI Instances, N/A field = xdm.asset.type.category value = CICD Instance""}",TRUE
Asset inventory,No Prisma API for VCS Organizations,N/A,N/A,Get all or filtered assets,POST,/public_api/v1/assets,field = xdm.asset.type.category value = VCS Organization,"{""request_data"": {""filters"": {""AND"": [{""SEARCH_FIELD"": ""xdm.asset.type.category"", ""SEARCH_TYPE"": ""EQ"", ""SEARCH_VALUE"": ""VCS Organization""}]}, ""on_demand_fields"": [""xdm.host.ipv4_addresses""], ""sort"": [{""FIELD"": ""xdm.asset.name"", ""ORDER"": ""DESC""}], ""search_from"": 0, ""search_to"": 1000}, ""// Comment"": ""Prisma Cloud: No Prisma API for VCS Organizations, N/A field = xdm.asset.type.category value = VCS Organization""}",TRUE
Asset inventory,List Repository List,GET,/code/api/v1/repositories,Get all or filtered assets,POST,/public_api/v1/assets,field = xdm.asset.type.category value = Repository,"{""request_data"": {""filters"": {""AND"": [{""SEARCH_FIELD"": ""xdm.asset.type.category"", ""SEARCH_TYPE"": ""EQ"", ""SEARCH_VALUE"": ""Repository""}]}, ""on_demand_fields"": [""xdm.host.ipv4_addresses""], ""sort"": [{""FIELD"": ""xdm.asset.name"", ""ORDER"": ""DESC""}], ""search_from"": 0, ""search_to"": 1000}, ""// Comment"": ""Prisma Cloud: List Repository List, /code/api/v1/repositories field = xdm.asset.type.category value = Repository""}",TRUE
Asset inventory,Get Data Assets,GET,/api.dig.security/v1/assets,Get all or filtered assets,POST,/public_api/v1/assets,field = xdm.asset.type.class value = Data,"{""request_data"": {""filters"": {""AND"": [{""SEARCH_FIELD"": ""xdm.asset.type.class"", ""SEARCH_TYPE"": ""EQ"", ""SEARCH_VALUE"": ""Data""}]}, ""on_demand_fields"": [""xdm.host.ipv4_addresses""], ""sort"": [{""FIELD"": ""xdm.asset.name"", ""ORDER"": ""DESC""}], ""search_from"": 0, ""search_to"": 1000}, ""// Comment"": ""Prisma Cloud: Get Data Assets, /api.dig.security/v1/assets field = xdm.asset.type.class value = Data""}",TRUE
Asset inventory,List Inventory Filters V2,GET,/filter/v2/inventory/suggest,Get schema of asset inventory,GET,/public_api/v1/assets/schema,," ""// Comment"": ""Prisma Cloud: List Inventory Filters V2, /filter/v2/inventory/suggest""}",TRUE
Asset inventory,Asset Inventory View V3 - POST,POST,/v3/inventory,Get all or filtered assets,POST,/public_api/v1/assets,,"{""request_data"": {""filters"": {""AND"": [{""SEARCH_FIELD"": ""xdm.asset.type.class"", ""SEARCH_TYPE"": ""EQ"", ""SEARCH_VALUE"": ""Other""}]}, ""on_demand_fields"": [""xdm.host.ipv4_addresses""], ""sort"": [{""FIELD"": ""xdm.asset.name"", ""ORDER"": ""DESC""}], ""search_from"": 0, ""search_to"": 1000}, ""// Comment"": ""Prisma Cloud: Asset Inventory View V3, /v3/inventory""}",TRUE
Asset inventory,Asset Inventory View V3 - GET,GET,/v3/inventory,Get all or filtered assets,POST,/public_api/v1/assets,,"{""request_data"": {""filters"": {""AND"": [{""SEARCH_FIELD"": ""xdm.asset.type.class"", ""SEARCH_TYPE"": ""EQ"", ""SEARCH_VALUE"": ""Other""}]}, ""on_demand_fields"": [""xdm.host.ipv4_addresses""], ""sort"": [{""FIELD"": ""xdm.asset.name"", ""ORDER"": ""DESC""}], ""search_from"": 0, ""search_to"": 1000}, ""// Comment"": ""Prisma Cloud: Asset Inventory View V3, /v3/inventory""}",TRUE
Asset inventory,Get Resource,POST,/resource,Get asset by ID,GET,/public_api/v1/assets/{id},," ""// Comment"": ""Prisma Cloud: Get Resource, /resource""}",TRUE
Asset inventory,Get Asset by ID,GET,/uai/v1/asset,Get asset by ID,GET,/public_api/v1/assets/{id},," ""// Comment"": ""Prisma Cloud: Get Asset by ID, /uai/v1/asset""}",TRUE
Asset inventory,Get Pipeline Tools,GET,/code/api/v1/ci-inventory,Get all or filtered assets,POST,/public_api/v1/assets,field = xdm.asset.type.category value = CICD Pipeline,"{""request_data"": {""filters"": {""AND"": [{""SEARCH_FIELD"": ""xdm.asset.type.category"", ""SEARCH_TYPE"": ""EQ"", ""SEARCH_VALUE"": ""CICD Pipeline""}]}, ""on_demand_fields"": [""xdm.host.ipv4_addresses""], ""sort"": [{""FIELD"": ""xdm.asset.name"", ""ORDER"": ""DESC""}], ""search_from"": 0, ""search_to"": 1000}, ""// Comment"": ""Prisma Cloud: Get Pipeline Tools, /code/api/v1/ci-inventory field = xdm.asset.type.category value = CICD Pipeline""}",TRUE
Asset inventory,Get Package,GET,/code/api/v1/vulnerabilities/packages/:packageUuid,Get all or filtered assets,POST,/public_api/v1/assets,field = xdm.asset.type.category value = Software Package,"{""request_data"": {""filters"": {""AND"": [{""SEARCH_FIELD"": ""xdm.asset.type.category"", ""SEARCH_TYPE"": ""EQ"", ""SEARCH_VALUE"": ""Software Package""}]}, ""on_demand_fields"": [""xdm.host.ipv4_addresses""], ""sort"": [{""FIELD"": ""xdm.asset.name"", ""ORDER"": ""DESC""}], ""search_from"": 0, ""search_to"": 1000}, ""// Comment"": ""Prisma Cloud: Get Package, /code/api/v1/vulnerabilities/packages/:packageUuid field = xdm.asset.type.category value = Software Package""}",TRUE
Asset inventory,Get External Surface Assets List,POST,/asm/api/v1/asset,Get all or filtered assets,POST,/public_api/v1/assets,field = xdm.asset.type.class value = External Surface,"{""request_data"": {""filters"": {""AND"": [{""SEARCH_FIELD"": ""xdm.asset.type.class"", ""SEARCH_TYPE"": ""EQ"", ""SEARCH_VALUE"": ""External Surface""}]}, ""on_demand_fields"": [""xdm.host.ipv4_addresses""], ""sort"": [{""FIELD"": ""xdm.asset.name"", ""ORDER"": ""DESC""}], ""search_from"": 0, ""search_to"": 1000}, ""// Comment"": ""Prisma Cloud: Get External Surface Assets List, /asm/api/v1/asset field = xdm.asset.type.class value = External Surface""}",TRUE
Asset inventory,Get Aggregated Asset Count by Asset Type,POST,/asm/api/v1/asset/aggregation-by-resource-type,Get all or filtered assets,POST,/public_api/v1/assets,,"{""request_data"": {""filters"": []}, ""// Comment"": ""Prisma Cloud: Get Aggregated Asset Count by Asset Type, /asm/api/v1/asset/aggregation-by-resource-type""}",TRUE
Asset inventory,Get Aggregated Asset Count by Cloud Type,POST,/asm/api/v1/asset/aggregation-by-cloud-type,Get all or filtered assets,POST,/public_api/v1/assets,,"{""request_data"": {""filters"": []}, ""// Comment"": ""Prisma Cloud: Get Aggregated Asset Count by Cloud Type, /asm/api/v1/asset/aggregation-by-cloud-type""}",TRUE
Asset inventory,Get Services,GET,/asm/api/v1/service,Get all or filtered assets,POST,/public_api/v1/assets,field = xdm.asset.type.class value = External Surface AND field = xdm.asset.type.category value = Service,"{""request_data"": {""filters"": {""AND"": [{""SEARCH_FIELD"": ""xdm.asset.type.class"", ""SEARCH_TYPE"": ""EQ"", ""SEARCH_VALUE"": ""External Surface""}, {""SEARCH_FIELD"": ""xdm.asset.type.category"", ""SEARCH_TYPE"": ""EQ"", ""SEARCH_VALUE"": ""Service""}]}, ""on_demand_fields"": [""xdm.host.ipv4_addresses""], ""sort"": [{""FIELD"": ""xdm.asset.name"", ""ORDER"": ""DESC""}], ""search_from"": 0, ""search_to"": 1000}, ""// Comment"": ""Prisma Cloud: Get Services, /asm/api/v1/service field = xdm.asset.type.class value = External Surface AND field = xdm.asset.type.category value = Service""}",TRUE
Asset inventory,Get Service Details,GET,/asm/api/v1/service/:serviceId,Get all or filtered assets,POST,/public_api/v1/assets,field = xdm.asset.type.class value = External Surface AND field = xdm.asset.type.category value = Service,"{""request_data"": {""filters"": {""AND"": [{""SEARCH_FIELD"": ""xdm.asset.type.class"", ""SEARCH_TYPE"": ""EQ"", ""SEARCH_VALUE"": ""External Surface""}, {""SEARCH_FIELD"": ""xdm.asset.type.category"", ""SEARCH_TYPE"": ""EQ"", ""SEARCH_VALUE"": ""Service""}]}, ""on_demand_fields"": [""xdm.host.ipv4_addresses""], ""sort"": [{""FIELD"": ""xdm.asset.name"", ""ORDER"": ""DESC""}], ""search_from"": 0, ""search_to"": 1000}, ""// Comment"": ""Prisma Cloud: Get Service Details, /asm/api/v1/service/:serviceId field = xdm.asset.type.class value = External Surface AND field = xdm.asset.type.category value = Service""}",TRUE
Asset inventory,Get List of Service for an Asset,GET,/asm/api/v1/asset/:asmAssetId/service,Get all or filtered assets,POST,/public_api/v1/assets,field = xdm.asset.type.class value = External Surface AND field = xdm.asset.type.category value = Service AND field = xdm.asset.id value = <asset id>,"{""request_data"": {""filters"": {""AND"": [{""SEARCH_FIELD"": ""xdm.asset.type.class"", ""SEARCH_TYPE"": ""EQ"", ""SEARCH_VALUE"": ""External Surface""}, {""SEARCH_FIELD"": ""xdm.asset.type.category"", ""SEARCH_TYPE"": ""EQ"", ""SEARCH_VALUE"": ""Service""}, {""SEARCH_FIELD"": ""xdm.asset.id"", ""SEARCH_TYPE"": ""EQ"", ""SEARCH_VALUE"": ""<asset id>""}]}, ""on_demand_fields"": [""xdm.host.ipv4_addresses""], ""sort"": [{""FIELD"": ""xdm.asset.name"", ""ORDER"": ""DESC""}], ""search_from"": 0, ""search_to"": 1000}, ""// Comment"": ""Prisma Cloud: Get List of Service for an Asset, /asm/api/v1/asset/:asmAssetId/service field = xdm.asset.type.class value = External Surface AND field = xdm.asset.type.category value = Service AND field = xdm.asset.id value = <asset id>""}",TRUE
Asset groups,Asset Inventory View V3 - GET,GET,/v3/inventory,Create an Asset Group,POST,/public_api/v1/asset-groups/create,// To retrieve asset compliance status users can use Asset groups + Compliance APIs. // Create an Asset group with specific assets.,"{""request_data"": {""filters"": []}, ""// Comment"": ""Prisma Cloud: Asset Inventory View V3, /v3/inventory // To retrieve asset compliance status users can use Asset groups + Compliance APIs. // Create an Asset group with specific assets.""}",TRUE
Compliance Controls API,Asset Inventory View V3 - GET,GET,/v3/inventory,Add assessment profile results,POST,/public_api/v1/compliance/add_assessment_profile,// Create Assessment Profile. // Get Assessment Profile results.,"{""request_data"": {""filters"": []}, ""// Comment"": ""Prisma Cloud: Asset Inventory View V3, /v3/inventory // Create Assessment Profile. // Get Assessment Profile results.""}",TRUE
Compliance Controls API,Asset Inventory View V3 - GET,GET,/v3/inventory,Get assessment profile results,POST,/public_api/v1/compliance/get_assessment_results,,"{""request_data"": {""filters"": []}, ""// Comment"": ""Prisma Cloud: Asset Inventory View V3, /v3/inventory""}",TRUE
Asset inventory,Get Assets List,POST,/asm/api/v1/asset,Get all or filtered assets,POST,/public_api/v1/assets,// Cloud Type : field = xdm.asset.provider value = <cloud provider e.g. AWS> // Asset Type : field = xdm.asset.type.name value = <asset type e.g. EC2 instance> // Service Type : field = xdm.external_service.type value = <name of service type>,"{""request_data"": {""filters"": {""AND"": [{""SEARCH_FIELD"": ""xdm.asset.provider"", ""SEARCH_TYPE"": ""EQ"", ""SEARCH_VALUE"": ""AWS""}, {""SEARCH_FIELD"": ""xdm.asset.type.name"", ""SEARCH_TYPE"": ""EQ"", ""SEARCH_VALUE"": ""EC2 instance""}, {""SEARCH_FIELD"": ""xdm.external_service.type"", ""SEARCH_TYPE"": ""EQ"", ""SEARCH_VALUE"": ""<service type>""}]}, ""on_demand_fields"": [""xdm.host.ipv4_addresses""], ""sort"": [{""FIELD"": ""xdm.asset.name"", ""ORDER"": ""DESC""}], ""search_from"": 0, ""search_to"": 1000}, ""// Comment"": ""Prisma Cloud: Get Assets List, /asm/api/v1/asset // Cloud Type : field = xdm.asset.provider value = <cloud provider e.g. AWS> // Asset Type : field = xdm.asset.type.name value = <asset type e.g. EC2 instance> // Service Type : field = xdm.external_service.type value = <name of service type>""}",TRUE
Asset inventory,Get Convertible Assets,GET,/asm/api/v1/dashboard/asset,Get all or filtered assets,POST,/public_api/v1/assets,field = xdm.asset.type.class value = External Surface,"{""request_data"": {""filters"": {""AND"": [{""SEARCH_FIELD"": ""xdm.asset.type.class"", ""SEARCH_TYPE"": ""EQ"", ""SEARCH_VALUE"": ""External Surface""}]}, ""on_demand_fields"": [""xdm.host.ipv4_addresses""], ""sort"": [{""FIELD"": ""xdm.asset.name"", ""ORDER"": ""DESC""}], ""search_from"": 0, ""search_to"": 1000}, ""// Comment"": ""Prisma Cloud: Get Convertible Assets, /asm/api/v1/dashboard/asset field = xdm.asset.type.class value = External Surface""}",TRUE
Asset inventory,Download Unmanaged Assets,POST,/asm/api/v1/asset/download,Get all or filtered assets,POST,/public_api/v1/assets,field = xdm.asset.type.class value = External Surface,"{""request_data"": {""filters"": {""AND"": [{""SEARCH_FIELD"": ""xdm.asset.type.class"", ""SEARCH_TYPE"": ""EQ"", ""SEARCH_VALUE"": ""External Surface""}]}, ""on_demand_fields"": [""xdm.host.ipv4_addresses""], ""sort"": [{""FIELD"": ""xdm.asset.name"", ""ORDER"": ""DESC""}], ""search_from"": 0, ""search_to"": 1000}, ""// Comment"": ""Prisma Cloud: Download Unmanaged Assets, /asm/api/v1/asset/download field = xdm.asset.type.class value = External Surface""}",TRUE
User and Role Management,Update User Profile V2,PUT,/v2/user/:id,Set a User Role,POST,/public_api/v1/rbac/set_user_role,,"{""request_data"": {""filters"": []}, ""// Comment"": ""Prisma Cloud: Update User Profile V2, /v2/user/:id""}",TRUE
User and Role Management,List Users V2,GET,/v2/user,Get Users,POST,/public_api/v1/rbac/get_users,OR,"{""request_data"": {""filters"": []}, ""// Comment"": ""Prisma Cloud: List Users V2, /v2/user OR""}",TRUE
User and Role Management,List Users V2,GET,/v2/user,Get User Groups,POST,/public_api/v1/rbac/get_user_group,,"{""request_data"": {""filters"": []}, ""// Comment"": ""Prisma Cloud: List Users V2, /v2/user""}",TRUE
User and Role Management,List User Role Names,GET,/user/role/name,Get User Groups,POST,/public_api/v1/rbac/get_user_group,,"{""request_data"": {""filters"": []}, ""// Comment"": ""Prisma Cloud: List User Role Names, /user/role/name""}",TRUE
User and Role Management,Get Permission Group by ID,GET,/authz/v1/permission_group/:id,Get Roles,POST,/public_api/v1/rbac/get_roles,In Cortex Cloud  permission groups are referred to as roles. Query a role by its name in the api body to get detailed information.,"{""request_data"": {""filters"": []}, ""// Comment"": ""Prisma Cloud: Get Permission Group by ID, /authz/v1/permission_group/:id In Cortex Cloud  permission groups are referred to as roles. Query a role by its name in the api body to get detailed information.""}",TRUE
System management,Health Check,GET,/check,System Health Check,GET,/public_api/v1/healthcheck,," ""// Comment"": ""Prisma Cloud: Health Check, /check""}",TRUE
Authentication settings,Get SAML Configuration,GET,/authn/v1/saml/config,Get authentication settings for all configured domains,POST,/public_api/v1/authentication-settings/get/settings,,"{""request_data"": {""filters"": []}, ""// Comment"": ""Prisma Cloud: Get SAML Configuration, /authn/v1/saml/config""}",TRUE
API Keys,Login,POST,/login,Generate an API key,POST,/public_api/v1/api_keys/generate,,"{""request_data"": {""filters"": []}, ""// Comment"": ""Prisma Cloud: Login, /login""}",TRUE
API Keys,Delete Access Key,DELETE,/access_keys/:id,Delete API keys,POST,/public_api/v1/api_keys/delete,,"{""request_data"": {""filters"": []}, ""// Comment"": ""Prisma Cloud: Delete Access Key, /access_keys/:id""}",TRUE
API Keys,Get Access Key by ID,GET,/access_keys/:id,Get existing API keys,POST,/public_api/v1/api_keys/get_api_keys,,"{""request_data"": {""filters"": []}, ""// Comment"": ""Prisma Cloud: Get Access Key by ID, /access_keys/:id""}",TRUE
Cloud Integration Instance management,List Cloud Account Names - GET,GET,/cloud/name,Get all or filtered integration instances,POST,/public_api/v1/cloud_onboarding/get_instances,,"{""request_data"": {""filters"": []}, ""// Comment"": ""Prisma Cloud: List Cloud Account Names, /cloud/name""}",TRUE
Cloud Integration Instance management,Programmatic management of cloud accounts,Multiple,GET/POST/PUT/PATCH/DELETE Cloud Accounts,Get integration instance details,POST,/public_api/v1/cloud_onboarding/get_instance_details,Edit an integration instance Delete the specified integration instances,"{""request_data"": {""filters"": []}, ""// Comment"": ""Prisma Cloud: Programmatic management of cloud accounts, GET/POST/PUT/PATCH/DELETE Cloud Accounts Edit an integration instance Delete the specified integration instances""}",TRUE
Cloud Integration Instance management,Get Account Status,GET,/account/:accountId/config/status,Get integration instance details,POST,/public_api/v1/cloud_onboarding/get_instance_details,,"{""request_data"": {""filters"": []}, ""// Comment"": ""Prisma Cloud: Get Account Status, /account/:accountId/config/status""}",TRUE
Cloud Cloud account management,Get Cloud Org Accounts,GET,/cloud/:cloud_type/:id/project,Get accounts in the specified integration instances,POST,/public_api/v1/cloud_onboarding/get_accounts,,"{""request_data"": {""filters"": []}, ""// Comment"": ""Prisma Cloud: Get Cloud Org Accounts, /cloud/:cloud_type/:id/project""}",TRUE
Cloud Integration Instance management,Get all Cloud Accounts,GET,/cloud,Get all or filtered integration instances,POST,/public_api/v1/cloud_onboarding/get_instances,,"{""request_data"": {""filters"": []}, ""// Comment"": ""Prisma Cloud: Get all Cloud Accounts, /cloud""}",TRUE
Cloud Integration Instance management,Get Cloud Account Details,GET,/cloud/:cloud_type/:id,Get accounts in the specified integration instances,POST,/public_api/v1/cloud_onboarding/get_accounts,,"{""request_data"": {""filters"": []}, ""// Comment"": ""Prisma Cloud: Get Cloud Account Details, /cloud/:cloud_type/:id""}",TRUE
Cloud Cloud account management,Get Cloud Account Status (AWS),POST,/cas/v1/cloud_account/status/aws,Get accounts in the specified integration instances,POST,/public_api/v1/cloud_onboarding/get_accounts,,"{""request_data"": {""filters"": []}, ""// Comment"": ""Prisma Cloud: Get Cloud Account Status (AWS), /cas/v1/cloud_account/status/aws""}",TRUE
Cloud Cloud account management,Get Cloud Account Status (Azure),POST,/cas/v1/cloud_account/status/azure,Get accounts in the specified integration instances,POST,/public_api/v1/cloud_onboarding/get_accounts,,"{""request_data"": {""filters"": []}, ""// Comment"": ""Prisma Cloud: Get Cloud Account Status (Azure), /cas/v1/cloud_account/status/azure""}",TRUE
XQL query,Get Permissions,POST,/api/v1/permission,Start an XQL query + Get XQL query results,POST,/public_api/v1/xql/start_xql_query,,"{""request_data"": {""query"": ""dataset=ciem_permissions_raw | fields permission_id, user_id | limit 100"", ""tenants"": [], ""timeframe"": {""from"": 1598907600000, ""to"": 1599080399000}}, ""// Comment"": ""Prisma Cloud: Get Permissions, /api/v1/permission""}",TRUE
Cloud Infrastructure Entitlement Management APIs,Get Permissions V4,POST,/iam/api/v4/search/permission,Search CIEM Access,POST,/public_api/v1/ciem/access/search,dataset in(ciem_permissions_raw),"{""request_data"": {""filters"": []}, ""// Comment"": ""Prisma Cloud: Get Permissions V4, /iam/api/v4/search/permission dataset in(ciem_permissions_raw)""}",TRUE
XQL query,Get Permissions V4,POST,/iam/api/v4/search/permission,XQL to query the ciem_permissions_raw dataset,POST,/xql/start_query,dataset in(ciem_permissions_raw),"{""request_data"": {""query"": ""dataset=ciem_permissions_raw | fields permission_id, user_id | limit 100"", ""tenants"": [], ""timeframe"": {""from"": 1598907600000, ""to"": 1599080399000}}, ""// Comment"": ""Prisma Cloud: Get Permissions V4, /iam/api/v4/search/permission dataset in(ciem_permissions_raw)""}",TRUE
XQL query,Get Permissions V4 Results,POST,/iam/api/v4/search/permission,XQL to query the ciem_permissions_raw dataset,POST,/xql/get_query_results,,"{""request_data"": {""query_id"": ""baecc424d9ed45_3803891_inv"", ""pending_flag"": true, ""limit"": 100, ""format"": ""json""}, ""// Comment"": ""Prisma Cloud: Get Permissions V4 Results, /iam/api/v4/search/permission""}",TRUE
Cloud Infrastructure Entitlement Management APIs,Get Permission Accesses V3,POST,/iam/api/v3/permission/:permission-id/list_access,Search CIEM Access,POST,/public_api/v1/ciem/access/search,,"{""request_data"": {""filters"": []}, ""// Comment"": ""Prisma Cloud: Get Permission Accesses V3, /iam/api/v3/permission/:permission-id/list_access""}",TRUE
"ASPM, CICD and Application Security APIs/Scan management",Get Code Review Runs Data,GET,/code/api/v1/development-pipeline/code-review/runs/data,Get AppSec branch periodic scans,GET,/public_api/appsec/v1/scans/periodic,," ""// Comment"": ""Prisma Cloud: Get Code Review Runs Data, /code/api/v1/development-pipeline/code-review/runs/data""}",TRUE
Cortex CLI,Get Current Checkov Version,GET,/code/api/v1/checkovVersion,Get the latest version of the Cortex CLI,GET,/public_api/v1/cli/releases/version,// Checkov API (replaced with Cortex CLI)," ""// Comment"": ""Prisma Cloud: Get Current Checkov Version, /code/api/v1/checkovVersion // Checkov API (replaced with Cortex CLI)""}",TRUE
"ASPM, CICD and Application Security APIs/Repositories",Get Repositories Page,POST,/code/api/v1/vcs-repository/repositories,Get repositories,GET,/public_api/appsec/v1/repositories,field = xdm.asset.type.category value = Repository OR," ""// Comment"": ""Prisma Cloud: Get Repositories Page, /code/api/v1/vcs-repository/repositories field = xdm.asset.type.category value = Repository OR""}",TRUE
Asset inventory,Get Repositories Page,POST,/code/api/v1/vcs-repository/repositories,Get all or filtered assets,POST,/public_api/v1/assets,,"{""request_data"": {""filters"": []}, ""// Comment"": ""Prisma Cloud: Get Repositories Page, /code/api/v1/vcs-repository/repositories""}",TRUE
"ASPM, CICD and Application Security APIs/Integrations",Integrate Multiple Repositories,POST,/code/api/v1/repositories,Update an AppSec integration,PUT,/public_api/appsec/v1/integrations/{id},,"{""request_data"": {""filters"": []}, ""// Comment"": ""Prisma Cloud: Integrate Multiple Repositories, /code/api/v1/repositories""}",TRUE
"ASPM, CICD and Application Security APIs/Integrations",Delete Integration,N/A,No corresponding Prisma API,Delete an AppSec integration,DELETE,/public_api/appsec/v1/integrations/{id},,"{""request_data"": {""filters"": []}, ""// Comment"": ""Prisma Cloud: Delete Integration, No corresponding Prisma API""}",TRUE
"ASPM, CICD and Application Security APIs/Repositories",Search Repositories,GET,/code/api/v1/repositories/search,Get a repository,GET,/public_api/appsec/v1/repositories/{assetId},," ""// Comment"": ""Prisma Cloud: Search Repositories, /code/api/v1/repositories/search""}",TRUE
"ASPM, CICD and Application Security APIs/Repositories",Get repositories,GET,/api/v1/vcs-repository/repositories,Get repositories,GET,/public_api/appsec/v1/repositories,," ""// Comment"": ""Prisma Cloud: Get repositories, /api/v1/vcs-repository/repositories""}",TRUE
"ASPM, CICD and Application Security APIs/SBOM management",Get SBOM Report,GET,/code/api/v1/bom/getBOMReport/:repoId,Get an SBOM for the specified repository,GET,/public_api/appsec/v1/sbom/repository/{repoId},," ""// Comment"": ""Prisma Cloud: Get SBOM Report, /code/api/v1/bom/getBOMReport/:repoId""}",TRUE
"ASPM, CICD and Application Security APIs/Policies",Get All Enforcement Rules,GET,/code/api/v1/enforcement-rules,Get an AppSec policy,GET,/public_api/appsec/v1/policies/{policyId},," ""// Comment"": ""Prisma Cloud: Get All Enforcement Rules, /code/api/v1/enforcement-rules""}",TRUE
"ASPM, CICD and Application Security APIs/Policies",Update Enforcement Rule,PUT,/code/api/v1/enforcement-rules,Update an AppSec policy,PUT,/public_api/appsec/v1/policies/{policyId},,"{""request_data"": {""filters"": []}, ""// Comment"": ""Prisma Cloud: Update Enforcement Rule, /code/api/v1/enforcement-rules""}",TRUE
"ASPM, CICD and Application Security APIs/Policies",Create New Exception for Enforcement Rule,POST,/code/api/v1/enforcement-rules,Create an AppSec policy,POST,/public_api/appsec/v1/policies,,"{""request_data"": {""filters"": []}, ""// Comment"": ""Prisma Cloud: Create New Exception for Enforcement Rule, /code/api/v1/enforcement-rules""}",TRUE
"ASPM, CICD and Application Security APIs/Policies",Delete Exception,DELETE,/code/api/v1/enforcement-rules/:ruleId,Delete an AppSec policy,DELETE,/public_api/appsec/v1/policies/{policyId},,"{""request_data"": {""filters"": []}, ""// Comment"": ""Prisma Cloud: Delete Exception, /code/api/v1/enforcement-rules/:ruleId""}",TRUE
"ASPM, CICD and Application Security APIs/Rules",Get Custom Policies Table Data,GET,/code/api/v1/policies/table/data,Get AppSec rules,GET,/public_api/appsec/v1/rules,," ""// Comment"": ""Prisma Cloud: Get Custom Policies Table Data, /code/api/v1/policies/table/data""}",TRUE
"ASPM, CICD and Application Security APIs/Policies",Policy Preview,POST,/code/api/v1/policies/preview,Update an AppSec policy,PUT,/public_api/appsec/v1/policies/{policyId},,"{""request_data"": {""filters"": []}, ""// Comment"": ""Prisma Cloud: Policy Preview, /code/api/v1/policies/preview""}",TRUE
Issues,Lists All Errors in File Path,POST,/code/api/v1/errors/file,Retrieve issues based on filters,POST,/v1/issue/search,field = detection.method value = CAS_SECRET_SCANNER OR field = detection.method value = CAS_IAC_SCANNER OR field = detection.method value = CAS_CVE_SCANNER OR field = detection.method value = CAS_License_SCANNER OR field = detection.method value = CAS_OPERATIONAL_RISK_SCANNER,"{""request_data"": {""filters"": [{""field"": ""detection.method"", ""operator"": ""in"", ""value"": [""CAS_SECRET_SCANNER"", ""CAS_IAC_SCANNER"", ""CAS_CVE_SCANNER"", ""CAS_License_SCANNER"", ""CAS_OPERATIONAL_RISK_SCANNER""]}], ""search_from"": 0, ""search_to"": 100, ""sort"": {""field"": ""id"", ""keyword"": ""asc""}, ""include_fields"": []}, ""// Comment"": ""Prisma Cloud: Lists All Errors in File Path, /code/api/v1/errors/file field = detection.method value = CAS_SECRET_SCANNER OR field = detection.method value = CAS_IAC_SCANNER OR field = detection.method value = CAS_CVE_SCANNER OR field = detection.method value = CAS_License_SCANNER OR field = detection.method value = CAS_OPERATIONAL_RISK_SCANNER""}",TRUE
Issues,Lists Files with Errors,GET,/code/api/v1/errors/files,Retrieve issues based on filters,POST,/v1/issue/search,field = detection.method value = CAS_SECRET_SCANNER OR field = detection.method value = CAS_IAC_SCANNER OR field = detection.method value = CAS_CVE_SCANNER OR field = detection.method value = CAS_License_SCANNER OR field = detection.method value = CAS_OPERATIONAL_RISK_SCANNER,"{""request_data"": {""filters"": [{""field"": ""detection.method"", ""operator"": ""in"", ""value"": [""CAS_SECRET_SCANNER"", ""CAS_IAC_SCANNER"", ""CAS_CVE_SCANNER"", ""CAS_License_SCANNER"", ""CAS_OPERATIONAL_RISK_SCANNER""]}], ""search_from"": 0, ""search_to"": 100, ""sort"": {""field"": ""id"", ""keyword"": ""asc""}, ""include_fields"": []}, ""// Comment"": ""Prisma Cloud: Lists Files with Errors, /code/api/v1/errors/files field = detection.method value = CAS_SECRET_SCANNER OR field = detection.method value = CAS_IAC_SCANNER OR field = detection.method value = CAS_CVE_SCANNER OR field = detection.method value = CAS_License_SCANNER OR field = detection.method value = CAS_OPERATIONAL_RISK_SCANNER""}",TRUE
Affected software,Get Impacted Distros for a Vulnerability,GET,/asm/api/v1/asset/vulnerability,Get affected software,POST,/public_api/uvem/v1/get_affected_software,,"{""request_data"": {""filters"": []}, ""// Comment"": ""Prisma Cloud: Get Impacted Distros for a Vulnerability, /asm/api/v1/asset/vulnerability""}",TRUE
Cloud Workload Protection APIs/Policies,Get Runtime Host Policy,GET,Runtime Host Policy,Get Policies List,POST,/public_api/uvm_public/v1/list_policies,Prisma has different apis for runtime policies such as :,"{""request_data"": {""filters"": []}, ""// Comment"": ""Prisma Cloud: Get Runtime Host Policy, Runtime Host Policy Prisma has different apis for runtime policies such as :""}",TRUE
Cloud Workload Protection APIs/Policies,Get Image Vulnerability Policy,GET,Image Vulnerability Policy,Get CWP Policies,GET,/public_api/v1/cwp/policies,," ""// Comment"": ""Prisma Cloud: Get Image Vulnerability Policy, Image Vulnerability Policy""}",TRUE
Cloud Workload Protection APIs/Policies,Get Runtime Serverless Policy,GET,Runtime Serverless Policy,Get CWP Policies,GET,/public_api/v1/cwp/policies,," ""// Comment"": ""Prisma Cloud: Get Runtime Serverless Policy, Runtime Serverless Policy""}",TRUE
Cloud Workload Protection APIs/Policies,Set Host Runtime Policy,POST,Host Runtime Policy,Create Policy Public,POST,/public_api/uvm_public/v1/create_policy,Prisma has different apis for runtime policies such as :,"{""request_data"": {""filters"": []}, ""// Comment"": ""Prisma Cloud: Set Host Runtime Policy, Host Runtime Policy Prisma has different apis for runtime policies such as :""}",TRUE
Cloud Workload Protection APIs/Policies,Set Container Runtime Policy,POST,Container Runtime Policy,Add CWP Policies,POST,/public_api/v1/cwp/policies,,"{""request_data"": {""filters"": []}, ""// Comment"": ""Prisma Cloud: Set Container Runtime Policy, Container Runtime Policy""}",TRUE
Cloud Workload Protection APIs/Policies,Set Serverless Runtime Policy,POST,Serverless Runtime Policy,Add CWP Policies,POST,/public_api/v1/cwp/policies,,"{""request_data"": {""filters"": []}, ""// Comment"": ""Prisma Cloud: Set Serverless Runtime Policy, Serverless Runtime Policy""}",TRUE
Cloud Workload Protection APIs/Policies,Update Runtime Host Policy,PUT,Runtime Host Policy,Update Policy,PUT,/public_api/uvm_public/v1/update_policy/{id},Prisma has different apis for runtime policies such as :,"{""request_data"": {""filters"": []}, ""// Comment"": ""Prisma Cloud: Update Runtime Host Policy, Runtime Host Policy Prisma has different apis for runtime policies such as :""}",TRUE
Cloud Workload Protection APIs/Policies,Update Runtime Container Policy,PUT,Runtime Container Policy,Update a CWP policy by ID,PUT,/public_api/v1/cwp/policies/{id},,"{""request_data"": {""filters"": []}, ""// Comment"": ""Prisma Cloud: Update Runtime Container Policy, Runtime Container Policy""}",TRUE
Cloud Workload Protection APIs/Policies,Update Runtime Serverless Policy,PUT,Runtime Serverless Policy,Update a CWP policy by ID,PUT,/public_api/v1/cwp/policies/{id},,"{""request_data"": {""filters"": []}, ""// Comment"": ""Prisma Cloud: Update Runtime Serverless Policy, Runtime Serverless Policy""}",TRUE
Cloud Workload Protection APIs/Policies,Delete a Custom Rule,DELETE,/custom-rules/:id,Delete Policy,DELETE,/public_api/uvm_public/v1/delete_policy/{id},,"{""request_data"": {""filters"": []}, ""// Comment"": ""Prisma Cloud: Delete a Custom Rule, /custom-rules/:id""}",TRUE
Cloud Workload Protection APIs/Policies,Delete a Custom Rule,DELETE,/custom-rules/:id,Delete a CWP policy by ID,DELETE,/public_api/v1/cwp/policies/{id},,"{""request_data"": {""filters"": []}, ""// Comment"": ""Prisma Cloud: Delete a Custom Rule, /custom-rules/:id""}",TRUE
Vulnerabilities,Get CVE Overview - POST,POST,/uve/api/v2/cve-overview,Get vulnerability details,POST,/public_api/uvem/v1/vulnerabilities,dataset in(uvm_findings),"{""request_data"": {""filters"": []}, ""// Comment"": ""Prisma Cloud: Get CVE Overview, /uve/api/v2/cve-overview dataset in(uvm_findings)""}",TRUE
XQL query,Get CVE Overview - POST,POST,/uve/api/v2/cve-overview,XQL to query the UVM dataset,POST,/xql/start_query,dataset in(uvm_findings),"{""request_data"": {""query"": ""dataset=uvm_findings | fields cve_id, severity | limit 100"", ""tenants"": [], ""timeframe"": {""from"": 1598907600000, ""to"": 1599080399000}}, ""// Comment"": ""Prisma Cloud: Get CVE Overview, /uve/api/v2/cve-overview dataset in(uvm_findings)""}",TRUE
XQL query,Get CVE Overview - POST Results,POST,/uve/api/v2/cve-overview,XQL to query the UVM dataset,POST,/xql/get_query_results,,"{""request_data"": {""query_id"": ""baecc424d9ed45_3803891_inv"", ""pending_flag"": true, ""limit"": 100, ""format"": ""json""}, ""// Comment"": ""Prisma Cloud: Get CVE Overview Results, /uve/api/v2/cve-overview""}",TRUE
Vulnerabilities,Get Top Impacting Vulnerabilities - POST,POST,/uve/api/v3/dashboard/vulnerabilities/prioritised-vuln,Get list of vulnerabilities,POST,/public_api/uvem/v1/get_vulnerabilities,// Use filters such as cvss_score  epss_score etc.,"{""cvss_score"": {""min"": 7.0, ""max"": 10.0}, ""epss_score"": {""min"": 0.5, ""max"": 1.0}, ""request_data"": {""filters"": []}, ""// Comment"": ""Prisma Cloud: Get Top Impacting Vulnerabilities, /uve/api/v3/dashboard/vulnerabilities/prioritised-vuln // Use filters such as cvss_score  epss_score etc.""}",TRUE
Vulnerabilities,Get Vulnerabilities by RQL,POST,/uve/api/v1/vulnerabilities/search,Get list of vulnerabilities,POST,/public_api/uvem/v1/get_vulnerabilities,dataset in(uvm_findings),"{""request_data"": {""filters"": []}, ""// Comment"": ""Prisma Cloud: Get Vulnerabilities by RQL, /uve/api/v1/vulnerabilities/search dataset in(uvm_findings)""}",TRUE
XQL query,Get Vulnerabilities by RQL,POST,/uve/api/v1/vulnerabilities/search,XQL to query the UVM dataset,POST,/xql/start_query,dataset in(uvm_findings),"{""request_data"": {""query"": ""dataset=uvm_findings | fields vulnerability_id, asset_id | limit 100"", ""tenants"": [], ""timeframe"": {""from"": 1598907600000, ""to"": 1599080399000}}, ""// Comment"": ""Prisma Cloud: Get Vulnerabilities by RQL, /uve/api/v1/vulnerabilities/search dataset in(uvm_findings)""}",TRUE
XQL query,Get Vulnerabilities by RQL Results,POST,/uve/api/v1/vulnerabilities/search,XQL to query the UVM dataset,POST,/xql/get_query_results,,"{""request_data"": {""query_id"": ""baecc424d9ed45_3803891_inv"", ""pending_flag"": true, ""limit"": 100, ""format"": ""json""}, ""// Comment"": ""Prisma Cloud: Get Vulnerabilities by RQL Results, /uve/api/v1/vulnerabilities/search""}",TRUE
Vulnerabilities,Get Vulnerability Overview - POST,POST,/uve/api/v4/dashboard/vulnerabilities/overview,Get list of vulnerabilities,POST,/public_api/uvem/v1/get_vulnerabilities,,"{""request_data"": {""filters"": []}, ""// Comment"": ""Prisma Cloud: Get Vulnerability Overview, /uve/api/v4/dashboard/vulnerabilities/overview""}",TRUE
XQL query,Get Vulnerability Overview - POST,POST,/uve/api/v4/dashboard/vulnerabilities/overview,XQL to query the UVM dataset,POST,/xql/start_query,dataset in(uvm_findings),"{""request_data"": {""query"": ""dataset=uvm_findings | fields vulnerability_id, asset_id | limit 100"", ""tenants"": [], ""timeframe"": {""from"": 1598907600000, ""to"": 1599080399000}}, ""// Comment"": ""Prisma Cloud: Get Vulnerability Overview, /uve/api/v4/dashboard/vulnerabilities/overview dataset in(uvm_findings)""}",TRUE
XQL query,Get Vulnerability Overview - POST Results,POST,/uve/api/v4/dashboard/vulnerabilities/overview,XQL to query the UVM dataset,POST,/xql/get_query_results,,"{""request_data"": {""query_id"": ""baecc424d9ed45_3803891_inv"", ""pending_flag"": true, ""limit"": 100, ""format"": ""json""}, ""// Comment"": ""Prisma Cloud: Get Vulnerability Overview Results, /uve/api/v4/dashboard/vulnerabilities/overview""}",TRUE
Vulnerabilities,Get CVE Details by ID V3,POST,/uve/api/v3/vulnerabilities/download,Get vulnerability details,POST,/public_api/uvem/v1/vulnerabilities,// For CVE details use /public_api/uvem/v1/vulnerabilities,"{""request_data"": {""filters"": []}, ""// Comment"": ""Prisma Cloud: Get CVE Details by ID V3, /uve/api/v3/vulnerabilities/download // For CVE details use /public_api/uvem/v1/vulnerabilities""}",TRUE
XQL query,Get CVE Details by ID V3,POST,/uve/api/v3/vulnerabilities/download,XQL to query the UVM dataset,POST,/xql/start_query,,"{""request_data"": {""query"": ""dataset=uvm_findings | fields cve_id, details | limit 100"", ""tenants"": [], ""timeframe"": {""from"": 1598907600000, ""to"": 1599080399000}}, ""// Comment"": ""Prisma Cloud: Get CVE Details by ID V3, /uve/api/v3/vulnerabilities/download""}",TRUE
XQL query,Get CVE Details by ID V3 Results,POST,/uve/api/v3/vulnerabilities/download,XQL to query the UVM dataset,POST,/xql/get_query_results,,"{""request_data"": {""query_id"": ""baecc424d9ed45_3803891_inv"", ""pending_flag"": true, ""limit"": 100, ""format"": ""json""}, ""// Comment"": ""Prisma Cloud: Get CVE Details by ID V3 Results, /uve/api/v3/vulnerabilities/download""}",TRUE
XQL query,Get Vulnerable Assets by CVE,POST,/uve/api/v1/dashboard/vulnerabilities/vuln-assets,XQL to query the UVM dataset,POST,/xql/start_query,// For assets affected by a particular CVE use XQL dataset in(uvm_findings),"{""request_data"": {""query"": ""dataset=uvm_findings | fields asset_id, vulnerability_id | limit 100"", ""tenants"": [], ""timeframe"": {""from"": 1598907600000, ""to"": 1599080399000}}, ""// Comment"": ""Prisma Cloud: Get Vulnerable Assets by CVE, /uve/api/v1/dashboard/vulnerabilities/vuln-assets // For assets affected by a particular CVE, use XQL dataset in(uvm_findings)""}",TRUE
XQL query,Get Vulnerable Assets by CVE Results,POST,/uve/api/v1/dashboard/vulnerabilities/vuln-assets,XQL to query the UVM dataset,POST,/xql/get_query_results,"| filter vulnerability_id = ""<CVE-ID>""","{""request_data"": {""query_id"": ""baecc424d9ed45_3803891_inv"", ""pending_flag"": true, ""limit"": 100, ""format"": ""json""}, ""// Comment"": ""Prisma Cloud: Get Vulnerable Assets by CVE Results, /uve/api/v1/dashboard/vulnerabilities/vuln-assets | filter vulnerability_id = <CVE-ID>""}",TRUE
Cloud Workload Protection APIs/Policies,Get Container Compliance Policy,GET,/policies/compliance/container,Get CWP policies,GET,/public_api/v1/cwp/policies,"Type = ""COMPLIANCE""","{""type"": ""COMPLIANCE"", ""request_data"": {""filters"": []}, ""// Comment"": ""Prisma Cloud: Get Container Compliance Policy, /policies/compliance/container Type = COMPLIANCE""}",TRUE
Cloud Workload Protection APIs/Policies,Get Host Compliance Policy,GET,/policies/compliance/host,Get CWP policies,GET,/public_api/v1/cwp/policies,"Type = ""COMPLIANCE""","{""type"": ""COMPLIANCE"", ""request_data"": {""filters"": []}, ""// Comment"": ""Prisma Cloud: Get Host Compliance Policy, /policies/compliance/host Type = COMPLIANCE""}",TRUE
Cloud Workload Protection APIs/Policies,Get Continuous Integration (CI) Image Compliance Policy,GET,/policies/compliance/ci/images,Get CWP policies,GET,/public_api/v1/cwp/policies,"Type = ""COMPLIANCE""","{""type"": ""COMPLIANCE"", ""request_data"": {""filters"": []}, ""// Comment"": ""Prisma Cloud: Get Continuous Integration (CI) Image Compliance Policy, /policies/compliance/ci/images Type = COMPLIANCE""}",TRUE